lineage	mutation
B.1.1.117	ORF1b:P314L,S:D614G,S:A688V,ORF8:S84L,N:R203K,N:G204R
B.1.111	ORF1b:P314L,S:D614G,ORF3a:Q57H,ORF8:S84L
B.1.1.153	ORF1a:A3143V,ORF1b:P314L,ORF1b:S997P,S:D614G,ORF8:S84L,N:R203K
B.1.1.192	ORF1b:P314L,S:D614G,ORF8:S84L,N:R203K,N:G204R
B.1.1.1	ORF1a:T1246I,ORF1a:G3278S,ORF1b:P314L,S:D614G,ORF8:S84L,N:R203K,N:G204R
B.1.1.274	ORF1b:P314L,S:D614G,ORF3a:G174C,ORF8:S84L,N:R203K,N:G204R
B.1.1.28	ORF1b:P314L,S:D614G,S:V1176F,ORF8:S84L,N:R203K,N:G204R
B.1.1.332	ORF1a:V3718F,ORF1a:L3930F,ORF1b:P314L,S:D614G,S:V1176F,ORF3a:G224R,ORF8:S84L,N:R203K,N:G204R
B.1.1.333	ORF1a:E37D,ORF1a:T2648I,ORF1a:L4182F,ORF1b:P314L,S:L54F,S:D138Y,S:D614G,ORF3a:A110V,ORF8:A51V,ORF8:S84L,N:R203K,N:G204R
B.1.1.33	ORF1b:P314L,S:D614G,ORF6:I33T,ORF8:S84L,N:R203K,N:G204R,N:I292T
B.1.1.348	ORF1a:L1175F,ORF1a:V3718F,ORF1b:P314L,S:D614G,S:G1167A,ORF3a:G174D,ORF8:S84L,N:S2Y,N:R203K,N:G204R
B.1.1.34	ORF1a:S610L,ORF1b:P314L,ORF1b:G1129V,S:D614G,ORF8:S84L,N:R203K,N:G204R
B.1.1.368	ORF1a:S3244L,ORF1b:P314L,S:D614G,ORF7b:A15S,ORF8:S84L,N:R203K,N:G204R,N:D377Y
B.1.1.378	ORF1b:P314L,S:D614G,ORF8:S84L,N:R203K,N:G204R
B.1.1.7	ORF1a:T1001I,ORF1a:A1708D,ORF1a:I2230T,ORF1b:P314L,S:N501Y,S:A570D,S:D614G,S:P681H,S:T716I,S:S982A,S:D1118H,ORF8:Q27*,ORF8:R52I,ORF8:Y73C,ORF8:S84L,N:D3L,N:R203K,N:G204R,N:S235F
B.1.195	ORF1b:P314L,S:D614G,ORF8:S84L
B.1.1	ORF1b:P314L,S:D614G,ORF8:S84L,N:R203K,N:G204R
B.1.212	ORF1b:P314L,S:D614G,ORF8:S84L
B.1.240	ORF1b:P314L,S:D614G,ORF8:S84L,N:S194L
B.1.2	ORF1a:T265I,ORF1a:L3352F,ORF1b:P314L,ORF1b:N1653D,ORF1b:R2613C,S:D614G,ORF3a:Q57H,ORF3a:G172V,ORF8:S24L,ORF8:S84L,N:P67S,N:P199L
B.1.319	ORF1a:T265I,ORF1a:A3529V,ORF1b:P314L,S:D614G,ORF3a:Q57H,ORF8:S84L
B.1.378	ORF1a:K1202N,ORF1b:P314L,S:D614G,ORF8:S84L
B.1.395	ORF1a:S2242F,ORF1b:P314L,S:D614G,ORF8:S84L
B.1.416	ORF1a:L454F,ORF1b:P314L,S:D614G,ORF8:S84L,N:S187L
B.1.595	ORF1a:T265I,ORF1a:L3352F,ORF1b:P314L,S:D614G,ORF3a:Q57H,ORF8:S24L,ORF8:S84L
B.1	ORF1b:P314L,S:D614G,ORF8:S84L
N.10	ORF1a:P1640L,ORF1a:P3371S,ORF1a:P3395S,ORF1a:V3718A,ORF1b:P314L,S:P9L,S:V445A,S:E484K,S:D614G,ORF6:I33T,ORF8:S84L,N:Q70R,N:R203K,N:G204R,N:I292T
N.1	ORF1b:P314L,S:D614G,ORF3a:T175I,ORF6:I33T,ORF8:S84L,N:R203K,N:G204R,N:I292T
N.9	ORF1a:A872T,ORF1a:A2529V,ORF1a:F3605L,ORF1b:P314L,S:E484K,S:D614G,ORF6:I33T,ORF7b:E33A,ORF8:S84L,N:R203K,N:G204R,N:I292T
P.1.1	ORF1a:S1188L,ORF1a:K1795Q,ORF1b:P314L,ORF1b:E1264D,S:L18F,S:T20N,S:P26S,S:D138Y,S:R190S,S:K417T,S:E484K,S:N501Y,S:D614G,S:H655Y,S:T1027I,S:V1176F,ORF3a:S253P,ORF8:S84L,ORF8:E92K,N:P80R
P.1.2	ORF1a:D762G,ORF1a:S1188L,ORF1a:K1795Q,ORF1a:T1820I,ORF1b:P314L,ORF1b:E1264D,S:L18F,S:T20N,S:P26S,S:D138Y,S:R190S,S:K417T,S:E484K,S:N501Y,S:D614G,S:H655Y,S:T1027I,S:V1176F,ORF3a:D155Y,ORF3a:S253P,ORF8:S84L,ORF8:E92K,N:P80R,N:R203K,N:G204R
P.1	ORF1a:S1188L,ORF1a:K1795Q,ORF1b:P314L,ORF1b:E1264D,S:L18F,S:T20N,S:P26S,S:D138Y,S:R190S,S:K417T,S:E484K,S:N501Y,S:D614G,S:H655Y,S:T1027I,S:V1176F,ORF3a:S253P,ORF8:S84L,ORF8:E92K,N:P80R,N:R203K,N:G204R
P.2	ORF1a:L3468V,ORF1a:L3930F,ORF1b:P314L,S:E484K,S:D614G,S:V1176F,ORF8:S84L,N:A119S,N:R203K,N:G204R,N:M234I
